{
    "name": "root",
    "gauges": {
        "jankTest1.Policy.Entropy.mean": {
            "value": 0.691615641117096,
            "min": 0.691615641117096,
            "max": 0.691615641117096,
            "count": 1
        },
        "jankTest1.Policy.Entropy.sum": {
            "value": 13852.3701171875,
            "min": 13852.3701171875,
            "max": 13852.3701171875,
            "count": 1
        },
        "jankTest1.Step.mean": {
            "value": 19965.0,
            "min": 19965.0,
            "max": 19965.0,
            "count": 1
        },
        "jankTest1.Step.sum": {
            "value": 19965.0,
            "min": 19965.0,
            "max": 19965.0,
            "count": 1
        },
        "jankTest1.Policy.ExtrinsicValueEstimate.mean": {
            "value": -0.4382646977901459,
            "min": -0.4382646977901459,
            "max": -0.4382646977901459,
            "count": 1
        },
        "jankTest1.Policy.ExtrinsicValueEstimate.sum": {
            "value": -137.6151123046875,
            "min": -137.6151123046875,
            "max": -137.6151123046875,
            "count": 1
        },
        "jankTest1.Environment.EpisodeLength.mean": {
            "value": 2032.4444444444443,
            "min": 2032.4444444444443,
            "max": 2032.4444444444443,
            "count": 1
        },
        "jankTest1.Environment.EpisodeLength.sum": {
            "value": 18292.0,
            "min": 18292.0,
            "max": 18292.0,
            "count": 1
        },
        "jankTest1.Environment.CumulativeReward.mean": {
            "value": -165.25265532069736,
            "min": -165.25265532069736,
            "max": -165.25265532069736,
            "count": 1
        },
        "jankTest1.Environment.CumulativeReward.sum": {
            "value": -1487.2738978862762,
            "min": -1487.2738978862762,
            "max": -1487.2738978862762,
            "count": 1
        },
        "jankTest1.Policy.ExtrinsicReward.mean": {
            "value": -165.25265532069736,
            "min": -165.25265532069736,
            "max": -165.25265532069736,
            "count": 1
        },
        "jankTest1.Policy.ExtrinsicReward.sum": {
            "value": -1487.2738978862762,
            "min": -1487.2738978862762,
            "max": -1487.2738978862762,
            "count": 1
        },
        "jankTest1.Losses.PolicyLoss.mean": {
            "value": 0.04873159728012979,
            "min": 0.04873159728012979,
            "max": 0.04873159728012979,
            "count": 1
        },
        "jankTest1.Losses.PolicyLoss.sum": {
            "value": 0.04873159728012979,
            "min": 0.04873159728012979,
            "max": 0.04873159728012979,
            "count": 1
        },
        "jankTest1.Losses.ValueLoss.mean": {
            "value": 0.7641476800044378,
            "min": 0.7641476800044378,
            "max": 0.7641476800044378,
            "count": 1
        },
        "jankTest1.Losses.ValueLoss.sum": {
            "value": 0.7641476800044378,
            "min": 0.7641476800044378,
            "max": 0.7641476800044378,
            "count": 1
        },
        "jankTest1.Policy.LearningRate.mean": {
            "value": 0.00029984557505147505,
            "min": 0.00029984557505147505,
            "max": 0.00029984557505147505,
            "count": 1
        },
        "jankTest1.Policy.LearningRate.sum": {
            "value": 0.00029984557505147505,
            "min": 0.00029984557505147505,
            "max": 0.00029984557505147505,
            "count": 1
        },
        "jankTest1.Policy.Epsilon.mean": {
            "value": 0.19994852499999996,
            "min": 0.19994852499999996,
            "max": 0.19994852499999996,
            "count": 1
        },
        "jankTest1.Policy.Epsilon.sum": {
            "value": 0.19994852499999996,
            "min": 0.19994852499999996,
            "max": 0.19994852499999996,
            "count": 1
        },
        "jankTest1.Policy.Beta.mean": {
            "value": 0.004997431397500001,
            "min": 0.004997431397500001,
            "max": 0.004997431397500001,
            "count": 1
        },
        "jankTest1.Policy.Beta.sum": {
            "value": 0.004997431397500001,
            "min": 0.004997431397500001,
            "max": 0.004997431397500001,
            "count": 1
        },
        "jankTest1.IsTraining.mean": {
            "value": 1.0,
            "min": 1.0,
            "max": 1.0,
            "count": 1
        },
        "jankTest1.IsTraining.sum": {
            "value": 1.0,
            "min": 1.0,
            "max": 1.0,
            "count": 1
        }
    },
    "metadata": {
        "timer_format_version": "0.1.0",
        "start_time_seconds": "1638249799",
        "python_version": "3.8.7 (tags/v3.8.7:6503f05, Dec 21 2020, 17:59:51) [MSC v.1928 64 bit (AMD64)]",
        "command_line_arguments": "C:\\Users\\18wan\\Desktop\\GitHub\\rl-project-590\\venv\\Scripts\\mlagents-learn config\\ppo\\jankTest1.yaml --run-id run4",
        "mlagents_version": "0.27.0",
        "mlagents_envs_version": "0.27.0",
        "communication_protocol_version": "1.5.0",
        "pytorch_version": "1.7.0+cu110",
        "numpy_version": "1.21.4",
        "end_time_seconds": "1638250091"
    },
    "total": 291.91312680000004,
    "count": 1,
    "self": 0.007875300000023344,
    "children": {
        "run_training.setup": {
            "total": 0.07189089999999998,
            "count": 1,
            "self": 0.07189089999999998
        },
        "TrainerController.start_learning": {
            "total": 291.8333606,
            "count": 1,
            "self": 0.42066290000150275,
            "children": {
                "TrainerController._reset_env": {
                    "total": 6.3963051,
                    "count": 1,
                    "self": 6.3963051
                },
                "TrainerController.advance": {
                    "total": 284.81514419999843,
                    "count": 27951,
                    "self": 0.38262669999983245,
                    "children": {
                        "env_step": {
                            "total": 259.748071799999,
                            "count": 27951,
                            "self": 176.8637611999979,
                            "children": {
                                "SubprocessEnvManager._take_step": {
                                    "total": 82.53550109999858,
                                    "count": 27951,
                                    "self": 1.114133799997873,
                                    "children": {
                                        "TorchPolicy.evaluate": {
                                            "total": 81.42136730000071,
                                            "count": 27951,
                                            "self": 24.24941879999909,
                                            "children": {
                                                "TorchPolicy.sample_actions": {
                                                    "total": 57.17194850000162,
                                                    "count": 27951,
                                                    "self": 57.17194850000162
                                                }
                                            }
                                        }
                                    }
                                },
                                "workers": {
                                    "total": 0.3488095000025435,
                                    "count": 27950,
                                    "self": 0.0,
                                    "children": {
                                        "worker_root": {
                                            "total": 285.58954469999946,
                                            "count": 27950,