{
    "name": "root",
    "metadata": {
        "timer_format_version": "0.1.0",
        "start_time_seconds": "1638248145",
        "python_version": "3.8.7 (tags/v3.8.7:6503f05, Dec 21 2020, 17:59:51) [MSC v.1928 64 bit (AMD64)]",
        "command_line_arguments": "C:\\Users\\18wan\\Desktop\\GitHub\\rl-project-590\\venv\\Scripts\\mlagents-learn config\\ppo\\jankTest1.yaml --run-id run0",
        "mlagents_version": "0.27.0",
        "mlagents_envs_version": "0.27.0",
        "communication_protocol_version": "1.5.0",
        "pytorch_version": "1.7.0+cu110",
        "numpy_version": "1.21.4",
        "end_time_seconds": "1638248224"
    },
    "total": 78.67588570000001,
    "count": 1,
    "self": 0.004630500000018856,
    "children": {
        "run_training.setup": {
            "total": 0.12958249999999993,
            "count": 1,
            "self": 0.12958249999999993
        },
        "TrainerController.start_learning": {
            "total": 78.54167269999999,
            "count": 1,
            "self": 0.07300000000027751,
            "children": {
                "TrainerController._reset_env": {
                    "total": 46.7630746,
                    "count": 1,
                    "self": 46.7630746
                },
                "TrainerController.advance": {
                    "total": 31.507966699999706,
                    "count": 3417,
                    "self": 0.032117699999780314,
                    "children": {
                        "env_step": {
                            "total": 31.475848999999926,
                            "count": 3417,
                            "self": 21.25810560000032,
                            "children": {
                                "SubprocessEnvManager._take_step": {
                                    "total": 10.174595099999642,
                                    "count": 3417,
                                    "self": 0.14269249999961886,
                                    "children": {
                                        "TorchPolicy.evaluate": {
                                            "total": 10.031902600000024,
                                            "count": 3417,
                                            "self": 3.338088700000334,
                                            "children": {
                                                "TorchPolicy.sample_actions": {
                                                    "total": 6.6938138999996895,
                                                    "count": 3417,
                                                    "self": 6.6938138999996895
                                                }
                                            }
                                        }
                                    }
                                },
                                "workers": {
                                    "total": 0.04314829999996306,
                                    "count": 3416,
                                    "self": 0.0,
                                    "children": {
                                        "worker_root": {
                                            "total": 32.73712679999973,
                                            "count": 3416,
                                            "is_parallel": true,
                                            "self": 14.4620230999994,
                                            "children": {
                                                "steps_from_proto": {
                                                    "total": 0.024582399999999893,
                                                    "count": 1,
                                                    "is_parallel": true,
                                                    "self": 0.00018190000000117834,
                                                    "children": {
                                                        "_process_maybe_compressed_observation": {
                                                            "total": 0.02433229999999753,
                                                            "count": 2,
                                                            "is_parallel": true,
                                                            "self": 4.080000000072914e-05,
                                                            "children": {
                                                                "_observation_to_np_array": {
                                                                    "total": 0.024291499999996802,
                                                                    "count": 1,
                                                                    "is_parallel": true,
                                                                    "self": 3.6199999996711085e-05,
                                                                    "children": {
                                                                        "process_pixels": {
                                                                            "total": 0.02425530000000009,
                                                                            "count": 1,
                                                                            "is_parallel": true,
                                                                            "self": 0.0009344999999996162,
                                                                            "children": {
                                                                                "image_decompress": {
                                                                                    "total": 0.023320800000000474,
                                                                                    "count": 4,
                                                                                    "is_parallel": true,
                                                                                    "self": 0.023320800000000474
                                                                                }
                                                                            }
                                                                        }
                                                                    }
                                                                }
                                                            }
                                                        },
                                                        "_process_rank_one_or_two_observation": {
                                                            "total": 6.820000000118398e-05,
                                                            "count": 2,
                                                            "is_parallel": true,
                                                            "self": 6.820000000118398e-05
                                                        }
                                                    }
                                                },
                                                "UnityEnvironment.step": {
                                                    "total": 18.25052130000033,
                                                    "count": 3416,
                                                    "is_parallel": true,
                                                    "self": 0.20790630000041688,
                                                    "children": {
                                                        "UnityEnvironment._generate_step_input": {
                                                            "total": 0.17041599999980406,
                                                            "count": 3416,
                                                            "is_parallel": true,