{"count":1,"self":105.75819519999999,"total":628.108572,"children":{"InitializeActuators":{"count":1,"self":0.0032719999999999997,"total":0.0032719999999999997,"children":null},"InitializeSensors":{"count":1,"self":0.011323999999999999,"total":0.011323999999999999,"children":null},"AgentSendState":{"count":28718,"self":1.678062,"total":2.959135,"children":{"CollectObservations":{"count":28718,"self":0.356485,"total":0.356485,"children":null},"WriteActionMask":{"count":28718,"self":0.373341,"total":0.373341,"children":null},"RequestDecision":{"count":28718,"self":0.55124699999999993,"total":0.55124699999999993,"children":null}}},"DecideAction":{"count":28718,"self":212.4392576,"total":518.83629,"children":{"CameraSensor.WriteToTensor":{"count":28718,"self":306.3970304,"total":306.39703399999996,"children":null}}},"AgentAct":{"count":28718,"self":0.538808,"total":0.538808,"children":null}},"gauges":{"jankTest1.CumulativeReward":{"count":14,"max":472.742462,"min":123.995552,"runningAverage":183.888474,"value":159.631165,"weightedAverage":159.512756}},"metadata":{"timer_format_version":"0.1.0","start_time_seconds":"1639970930","unity_version":"2019.4.25f1","command_line_arguments":"\/Applications\/Unity\/Hub\/Editor\/2019.4.25f1\/Unity.app\/Contents\/MacOS\/Unity -projectpath \/Users\/sginw\/Desktop\/CVGIT\/Jank -useHub -hubIPC -cloudEnvironment production -hubSessionId 74c76aa0-5d22-11ec-8a9b-575b8f4bce60 -accessToken DmWf56nPvUE7V67rm9f1XudcP4gKk2EQKrRflWRLHv4012f","communication_protocol_version":"1.5.0","com.unity.ml-agents_version":"2.0.1","scene_name":"jankClone","end_time_seconds":"1639971558"}}