{"count":1,"self":82.6446656,"total":113.320887,"children":{"InitializeActuators":{"count":1,"self":0.002359,"total":0.002359,"children":null},"InitializeSensors":{"count":1,"self":0.0075039999999999994,"total":0.0075039999999999994,"children":null},"AgentSendState":{"count":5600,"self":0.42757999999999996,"total":28.108119,"children":{"CollectObservations":{"count":5600,"self":0.085776999999999992,"total":0.085776999999999992,"children":null},"WriteActionMask":{"count":5600,"self":0.08811999999999999,"total":0.08811999999999999,"children":null},"RequestDecision":{"count":5600,"self":2.006855,"total":27.506642,"children":{"CameraSensor.GetCompressedObservation":{"count":5600,"self":25.4997872,"total":25.499786999999998,"children":null}}}}},"DecideAction":{"count":5600,"self":1.4219389999999998,"total":1.4219389999999998,"children":null},"AgentAct":{"count":5600,"self":1.132727,"total":1.132727,"children":null},"CameraSensor.GetCompressedObservation":{"count":2,"self":0.0024219999999999997,"total":0.0024219999999999997,"children":null}},"gauges":{"jankTest1.CumulativeReward":{"count":2,"max":3851.94067,"min":3511.49561,"runningAverage":3681.71826,"value":3851.94067,"weightedAverage":3596.607}},"metadata":{"timer_format_version":"0.1.0","start_time_seconds":"1638377572","unity_version":"2019.4.25f1","command_line_arguments":"\/Applications\/Unity\/Hub\/Editor\/2019.4.25f1\/Unity.app\/Contents\/MacOS\/Unity -projectpath \/Users\/sginw\/Desktop\/CVGIT\/Jank -useHub -hubIPC -cloudEnvironment production -hubSessionId 0cca6680-4f28-11ec-8232-b336c0ffb9e3 -accessToken AwIyOBzq68WWLD509ykMkpVrT6OK61lK2AOXl636sS0012f","communication_protocol_version":"1.5.0","com.unity.ml-agents_version":"2.0.1","scene_name":"jankClone","end_time_seconds":"1638377685"}}