{"count":1,"self":12.028772,"total":49.656223999999995,"children":{"InitializeActuators":{"count":1,"self":0.0030009999999999998,"total":0.0030009999999999998,"children":null},"InitializeSensors":{"count":1,"self":0.010865,"total":0.010865,"children":null},"AgentSendState":{"count":4101,"self":0.268074,"total":10.503758999999999,"children":{"CollectObservations":{"count":4101,"self":0.05832,"total":0.05832,"children":null},"WriteActionMask":{"count":4101,"self":0.060587999999999996,"total":0.060587999999999996,"children":null},"RequestDecision":{"count":4101,"self":0.162936,"total":10.116776999999999,"children":{"AgentInfo.ToProto":{"count":4101,"self":0.156721,"total":9.9538409999999988,"children":{"GenerateSensorData":{"count":4101,"self":2.001446,"total":9.79712,"children":{"CameraSensor.GetCompressedObservation":{"count":4101,"self":7.7956736,"total":7.795674,"children":null}}}}}}}}},"DecideAction":{"count":4101,"self":27.024815999999998,"total":27.024817,"children":null},"AgentAct":{"count":4101,"self":0.079822999999999991,"total":0.079822999999999991,"children":null},"AgentInfo.ToProto":{"count":2,"self":9.0999999999999989E-05,"total":0.003702,"children":{"GenerateSensorData":{"count":2,"self":0.000891,"total":0.0036109999999999996,"children":{"CameraSensor.GetCompressedObservation":{"count":2,"self":0.0027199999999999998,"total":0.0027199999999999998,"children":null}}}}}},"gauges":{"jankTest1.CumulativeReward":{"count":2,"max":-173.354675,"min":-192.499847,"runningAverage":-182.927261,"value":-192.499847,"weightedAverage":-178.140961}},"metadata":{"timer_format_version":"0.1.0","start_time_seconds":"1638245198","unity_version":"2019.4.25f1","command_line_arguments":"\/Applications\/Unity\/Hub\/Editor\/2019.4.25f1\/Unity.app\/Contents\/MacOS\/Unity -projectpath \/Users\/sginw\/Desktop\/CVGIT\/Jank -useHub -hubIPC -cloudEnvironment production -hubSessionId 0cca6680-4f28-11ec-8232-b336c0ffb9e3 -accessToken 7zqIXea2BKY9aAc9Z2-BcqlhPr0X10GOB2rTShyVsso012f","communication_protocol_version":"1.5.0","com.unity.ml-agents_version":"2.0.1","scene_name":"jankClone","end_time_seconds":"1638245247"}}