{"count":1,"self":14348.3797504,"total":56545.0088156,"children":{"InitializeActuators":{"count":1,"self":0.0009961,"total":0.0009961,"children":null},"InitializeSensors":{"count":1,"self":0.0069425999999999993,"total":0.0069425999999999993,"children":null},"AgentSendState":{"count":5000043,"self":87.190176,"total":6942.5756207999993,"children":{"CollectObservations":{"count":5000043,"self":14.4402368,"total":14.4402362,"children":null},"WriteActionMask":{"count":5000043,"self":15.849231999999999,"total":15.8492318,"children":null},"RequestDecision":{"count":5000043,"self":59.7714176,"total":6825.0959754999994,"children":{"AgentInfo.ToProto":{"count":5000043,"self":58.5189696,"total":6765.3245564,"children":{"GenerateSensorData":{"count":5000043,"self":1407.2042496,"total":6706.8055859,"children":{"CameraSensor.GetCompressedObservation":{"count":5000043,"self":5299.6014079999995,"total":5299.6012924999995,"children":null}}}}}}}}},"DecideAction":{"count":5000043,"self":34153.9586048,"total":34153.958210699995,"children":null},"AgentAct":{"count":5000043,"self":1096.8388608,"total":1096.838879,"children":null},"AgentInfo.ToProto":{"count":2400,"self":0.042824799999999996,"total":3.2470966,"children":{"GenerateSensorData":{"count":2400,"self":0.65559,"total":3.2042718,"children":{"CameraSensor.GetCompressedObservation":{"count":2400,"self":2.5486817999999998,"total":2.5486817999999998,"children":null}}}}}},"gauges":{"jankTest1.CumulativeReward":{"count":2400,"max":294.946869,"min":-3.142165,"runningAverage":153.699615,"value":218.3877,"weightedAverage":193.246445}},"metadata":{"timer_format_version":"0.1.0","start_time_seconds":"1638307688","unity_version":"2019.4.25f1","command_line_arguments":"C:\\Program Files\\Unity\\Hub\\Editor\\2019.4.25f1\\Editor\\Unity.exe -projectpath C:\\Users\\18wan\\Desktop\\GitHub\\rl-project-590 -useHub -hubIPC -cloudEnvironment production -licensingIpc LicenseClient-18wan -hubSessionId 1c8056d0-5210-11ec-bde4-5fb8b918b6aa -accessToken hBbGaLZcnv5IATG9sn90ihz_oD5huTU5lMRw2JQ1de0012f","communication_protocol_version":"1.5.0","com.unity.ml-agents_version":"2.0.1","scene_name":"jankClone","end_time_seconds":"1638364233"}}