{"count":1,"self":20.5026752,"total":20.615285399999998,"children":{"InitializeActuators":{"count":2,"self":0.001997,"total":0.001997,"children":null},"InitializeSensors":{"count":2,"self":0.0054925999999999994,"total":0.0054925999999999994,"children":null},"AgentSendState":{"count":749,"self":0.0069448999999999995,"total":0.027983499999999998,"children":{"CollectObservations":{"count":749,"self":0.0010923999999999999,"total":0.0010923999999999999,"children":null},"WriteActionMask":{"count":749,"self":0.0019946,"total":0.0019946,"children":null},"RequestDecision":{"count":749,"self":0.017951599999999998,"total":0.017951599999999998,"children":null}}},"DecideAction":{"count":749,"self":0.0454383,"total":0.0761384,"children":{"CameraSensor.WriteToTensor":{"count":749,"self":0.030700099999999998,"total":0.030700099999999998,"children":null}}}},"gauges":{},"metadata":{"timer_format_version":"0.1.0","start_time_seconds":"1708467300","unity_version":"2022.3.19f1","command_line_arguments":"C:\\Program Files\\Unity\\Hub\\Editor\\2022.3.19f1\\Editor\\Unity.exe -projectpath F:\\Flying Squirrel\\rl-project-590 -useHub -hubIPC -cloudEnvironment production -licensingIpc LicenseClient-MainUser -hubSessionId f4f0969c-7370-4128-9779-aa20f056cb63 -accessToken 1DkCRacqmuSSGgDRSJ49IEUCVvw54EoMRd24gW_0quA002f","communication_protocol_version":"1.5.0","com.unity.ml-agents_version":"2.0.1","scene_name":"noWings","end_time_seconds":"1708467320"}}