{"count":1,"self":82.9529216,"total":84.0565419,"children":{"InitializeActuators":{"count":2,"self":0.0019947999999999997,"total":0.0019947999999999997,"children":null},"InitializeSensors":{"count":2,"self":0.0040143999999999996,"total":0.0040143999999999996,"children":null},"AgentSendState":{"count":3753,"self":0.0318415,"total":0.0766804,"children":{"CollectObservations":{"count":3753,"self":0.011902399999999999,"total":0.011902399999999999,"children":null},"WriteActionMask":{"count":3753,"self":0.0070244999999999995,"total":0.0070244999999999995,"children":null},"RequestDecision":{"count":3753,"self":0.025911999999999998,"total":0.025911999999999998,"children":null}}},"DecideAction":{"count":3753,"self":0.8751525,"total":1.019933,"children":{"CameraSensor.WriteToTensor":{"count":3753,"self":0.1447805,"total":0.1447805,"children":null}}}},"gauges":{},"metadata":{"timer_format_version":"0.1.0","start_time_seconds":"1713989110","unity_version":"2022.3.19f1","command_line_arguments":"C:\\Program Files\\Unity\\Hub\\Editor\\2022.3.19f1\\Editor\\Unity.exe -projectpath F:\\Flying Squirrel\\rl-project-590 -useHub -hubIPC -cloudEnvironment production -licensingIpc LicenseClient-MainUser -hubSessionId 5067ee51-e45f-44bd-b8a4-f645e56b2b71 -accessToken tcSzg57uXj5ocNXJE2HqgDRlU3eoSyFfAw_jZc58wDg002f","communication_protocol_version":"1.5.0","com.unity.ml-agents_version":"2.0.1","scene_name":"noWings","end_time_seconds":"1713989194"}}