{"count":1,"self":117.32230399999999,"total":118.08631829999999,"children":{"InitializeActuators":{"count":2,"self":0.00099899999999999989,"total":0.00099899999999999989,"children":null},"InitializeSensors":{"count":2,"self":0.0059834,"total":0.0059834,"children":null},"AgentSendState":{"count":2533,"self":0.0182059,"total":0.056407399999999996,"children":{"CollectObservations":{"count":2533,"self":0.0044703999999999994,"total":0.0044703999999999994,"children":null},"WriteActionMask":{"count":2533,"self":0.0059613999999999995,"total":0.0059613999999999995,"children":null},"RequestDecision":{"count":2533,"self":0.027769699999999998,"total":0.027769699999999998,"children":null}}},"DecideAction":{"count":2533,"self":0.58749339999999994,"total":0.7006276,"children":{"CameraSensor.WriteToTensor":{"count":2533,"self":0.11313419999999999,"total":0.11313419999999999,"children":null}}}},"gauges":{},"metadata":{"timer_format_version":"0.1.0","start_time_seconds":"1712167772","unity_version":"2022.3.19f1","command_line_arguments":"C:\\Program Files\\Unity\\Hub\\Editor\\2022.3.19f1\\Editor\\Unity.exe -projectpath F:\\Flying Squirrel\\rl-project-590 -useHub -hubIPC -cloudEnvironment production -licensingIpc LicenseClient-MainUser -hubSessionId dda85f96-98e8-4da1-b7a3-232e2a14c683 -accessToken phicUrL4Hsjx9SIebpceg7HPsCuYKM__Xt1PBZIiqQQ002f","communication_protocol_version":"1.5.0","com.unity.ml-agents_version":"2.0.1","scene_name":"noWings","end_time_seconds":"1712167890"}}