{
    "name": "root",
    "gauges": {
        "jankTest1.Policy.Entropy.mean": {
            "value": 0.6908029913902283,
            "min": 0.683816134929657,
            "max": 0.6931448578834534,
            "count": 3
        },
        "jankTest1.Policy.Entropy.sum": {
            "value": 6930.1357421875,
            "min": 6816.962890625,
            "max": 6974.423828125,
            "count": 3
        },
        "jankTest1.Step.mean": {
            "value": 29999.0,
            "min": 9998.0,
            "max": 29999.0,
            "count": 3
        },
        "jankTest1.Step.sum": {
            "value": 29999.0,
            "min": 9998.0,
            "max": 29999.0,
            "count": 3
        },
        "jankTest1.Policy.ExtrinsicValueEstimate.mean": {
            "value": 0.13698439300060272,
            "min": -0.1504432111978531,
            "max": 0.13698439300060272,
            "count": 3
        },
        "jankTest1.Policy.ExtrinsicValueEstimate.sum": {
            "value": 21.780519485473633,
            "min": -23.77002716064453,
            "max": 21.780519485473633,
            "count": 3
        },
        "jankTest1.Environment.EpisodeLength.mean": {
            "value": 2082.2,
            "min": 2082.2,
            "max": 2082.5,
            "count": 3
        },
        "jankTest1.Environment.EpisodeLength.sum": {
            "value": 10411.0,
            "min": 8330.0,
            "max": 10412.0,
            "count": 3
        },
        "jankTest1.Environment.CumulativeReward.mean": {
            "value": 4.295976045454572,
            "min": 2.0655299862988223,
            "max": 4.295976045454572,
            "count": 3
        },
        "jankTest1.Environment.CumulativeReward.sum": {
            "value": 21.47988022727286,
            "min": 8.26211994519529,
            "max": 21.47988022727286,
            "count": 3
        },
        "jankTest1.Policy.ExtrinsicReward.mean": {
            "value": 4.295976045454572,
            "min": 2.0655299862988223,
            "max": 4.295976045454572,
            "count": 3
        },
        "jankTest1.Policy.ExtrinsicReward.sum": {
            "value": 21.47988022727286,
            "min": 8.26211994519529,
            "max": 21.47988022727286,
            "count": 3
        },
        "jankTest1.IsTraining.mean": {
            "value": 1.0,
            "min": 1.0,
            "max": 1.0,
            "count": 3
        },
        "jankTest1.IsTraining.sum": {
            "value": 1.0,
            "min": 1.0,
            "max": 1.0,
            "count": 3
        },
        "jankTest1.Losses.PolicyLoss.mean": {
            "value": 0.048952820532334344,
            "min": 0.04615760768841331,
            "max": 0.048952820532334344,
            "count": 2
        },
        "jankTest1.Losses.PolicyLoss.sum": {
            "value": 0.048952820532334344,
            "min": 0.04615760768841331,
            "max": 0.048952820532334344,
            "count": 2
        },
        "jankTest1.Losses.ValueLoss.mean": {
            "value": 0.05889698783090959,
            "min": 0.05889698783090959,
            "max": 0.14177907097230977,
            "count": 2
        },
        "jankTest1.Losses.ValueLoss.sum": {
            "value": 0.05889698783090959,
            "min": 0.05889698783090959,
            "max": 0.14177907097230977,
            "count": 2
        },
        "jankTest1.Policy.LearningRate.mean": {
            "value": 0.00029876742041085995,
            "min": 0.00029876742041085995,
            "max": 0.00029938476020508,
            "count": 2
        },
        "jankTest1.Policy.LearningRate.sum": {
            "value": 0.00029876742041085995,
            "min": 0.00029876742041085995,
            "max": 0.00029938476020508,
            "count": 2
        },
        "jankTest1.Policy.Epsilon.mean": {
            "value": 0.19958914000000003,
            "min": 0.19958914000000003,
            "max": 0.19979492000000001,
            "count": 2
        },
        "jankTest1.Policy.Epsilon.sum": {
            "value": 0.19958914000000003,
            "min": 0.19958914000000003,
            "max": 0.19979492000000001,
            "count": 2
        },
        "jankTest1.Policy.Beta.mean": {
            "value": 0.004979498085999999,
            "min": 0.004979498085999999,
            "max": 0.004989766508,
            "count": 2
        },
        "jankTest1.Policy.Beta.sum": {
            "value": 0.004979498085999999,
            "min": 0.004979498085999999,
            "max": 0.004989766508,
            "count": 2
        }
    },
    "metadata": {
        "timer_format_version": "0.1.0",
        "start_time_seconds": "1638261643",
        "python_version": "3.8.7 (tags/v3.8.7:6503f05, Dec 21 2020, 17:59:51) [MSC v.1928 64 bit (AMD64)]",
        "command_line_arguments": "C:\\Users\\18wan\\Desktop\\GitHub\\rl-project-590\\venv\\Scripts\\mlagents-learn config\\ppo\\jankTest1.yaml --run-id run10",
        "mlagents_version": "0.27.0",
        "mlagents_envs_version": "0.27.0",
        "communication_protocol_version": "1.5.0",
        "pytorch_version": "1.7.0+cu110",
        "numpy_version": "1.21.4",
        "end_time_seconds": "1638261967"
    },
    "total": 323.658026,
    "count": 1,
    "self": 0.005006900000012138,
    "children": {
        "run_training.setup": {
            "total": 0.0770805,
            "count": 1,
            "self": 0.0770805
        },
        "TrainerController.start_learning": {
            "total": 323.5759386,
            "count": 1,
            "self": 0.5575589000027321,
            "children": {
                "TrainerController._reset_env": {
                    "total": 14.1670657,
                    "count": 1,
                    "self": 14.1670657
                },
                "TrainerController.advance": {
                    "total": 308.69972009999725,
                    "count": 36128,
                    "self": 0.4950156000016932,
                    "children": {
                        "env_step": {
                            "total": 287.6138896999977,
                            "count": 36128,
                            "self": 197.09084979999972,
                            "children": {
                                "SubprocessEnvManager._take_step": {
                                    "total": 90.06625819999793,
                                    "count": 36128,
                                    "self": 1.4407542999990568,
                                    "children": {
                                        "TorchPolicy.evaluate": {
                                            "total": 88.62550389999888,
                                            "count": 36126,
                                            "self": 31.811234000003964,
                                            "children": {
                                                "TorchPolicy.sample_actions": {
                                                    "total": 56.81426989999491,
                                                    "count": 36126,
                                                    "self": 56.81426989999491
                                                }
                                            }
                                        }
                                    }
                                },
                                "workers": {
                                    "total": 0.4567817000000183,
                                    "count": 36127,
                                    "self": 0.0,
                                    "children": {
                                        "worker_root": {
                                            "total": 308.20657999999975,
                                            "count": 36127,
                                            "is_parallel": true,
                                            "self": 142.0159452999924,