{
    "name": "root",
    "gauges": {
        "jankTest1.Policy.Entropy.mean": {
            "value": 0.6906675696372986,
            "min": 0.6819136738777161,
            "max": 0.6925033926963806,
            "count": 4
        },
        "jankTest1.Policy.Entropy.sum": {
            "value": 13778.818359375,
            "min": 13647.138671875,
            "max": 13859.0703125,
            "count": 4
        },
        "jankTest1.Step.mean": {
            "value": 79941.0,
            "min": 19965.0,
            "max": 79941.0,
            "count": 4
        },
        "jankTest1.Step.sum": {
            "value": 79941.0,
            "min": 19965.0,
            "max": 79941.0,
            "count": 4
        },
        "jankTest1.Policy.ExtrinsicValueEstimate.mean": {
            "value": -0.016109617426991463,
            "min": -0.05387011170387268,
            "max": 0.06733604520559311,
            "count": 4
        },
        "jankTest1.Policy.ExtrinsicValueEstimate.sum": {
            "value": -5.058419704437256,
            "min": -16.969085693359375,
            "max": 21.143518447875977,
            "count": 4
        },
        "jankTest1.Environment.EpisodeLength.mean": {
            "value": 2032.4,
            "min": 2032.3,
            "max": 2032.4444444444443,
            "count": 4
        },
        "jankTest1.Environment.EpisodeLength.sum": {
            "value": 20324.0,
            "min": 18292.0,
            "max": 20324.0,
            "count": 4
        },
        "jankTest1.Environment.CumulativeReward.mean": {
            "value": 6.272335740274892,
            "min": 5.366888149702425,
            "max": 7.651321721699202,
            "count": 4
        },
        "jankTest1.Environment.CumulativeReward.sum": {
            "value": 62.72335740274892,
            "min": 48.301993347321826,
            "max": 76.51321721699202,
            "count": 4
        },
        "jankTest1.Policy.ExtrinsicReward.mean": {
            "value": 6.272335740274892,
            "min": 5.366888149702425,
            "max": 7.651321721699202,
            "count": 4
        },
        "jankTest1.Policy.ExtrinsicReward.sum": {
            "value": 62.72335740274892,
            "min": 48.301993347321826,
            "max": 76.51321721699202,
            "count": 4
        },
        "jankTest1.Losses.PolicyLoss.mean": {
            "value": 0.04526226781308651,
            "min": 0.04526226781308651,
            "max": 0.05295880498597398,
            "count": 4
        },
        "jankTest1.Losses.PolicyLoss.sum": {
            "value": 0.09052453562617302,
            "min": 0.05295880498597398,
            "max": 0.10161250887516265,
            "count": 4
        },
        "jankTest1.Losses.ValueLoss.mean": {
            "value": 0.04980267863914681,
            "min": 0.04980267863914681,
            "max": 0.28643113284682237,
            "count": 4
        },
        "jankTest1.Losses.ValueLoss.sum": {
            "value": 0.09960535727829362,
            "min": 0.09960535727829362,
            "max": 0.28643113284682237,
            "count": 4
        },
        "jankTest1.Policy.LearningRate.mean": {
            "value": 0.00029899626033458,
            "min": 0.00029899626033458,
            "max": 0.00029984557505147505,
            "count": 4
        },
        "jankTest1.Policy.LearningRate.sum": {
            "value": 0.00059799252066916,
            "min": 0.00029984557505147505,
            "max": 0.0005992278752573747,
            "count": 4
        },
        "jankTest1.Policy.Epsilon.mean": {
            "value": 0.19966542000000004,
            "min": 0.19966542000000004,
            "max": 0.19994852499999996,
            "count": 4
        },
        "jankTest1.Policy.Epsilon.sum": {
            "value": 0.3993308400000001,
            "min": 0.19994852499999996,
            "max": 0.399742625,
            "count": 4
        },
        "jankTest1.Policy.Beta.mean": {
            "value": 0.004983304458,
            "min": 0.004983304458,
            "max": 0.004997431397500001,
            "count": 4
        },
        "jankTest1.Policy.Beta.sum": {
            "value": 0.009966608916,
            "min": 0.004997431397500001,
            "max": 0.009987156987499999,
            "count": 4
        },
        "jankTest1.IsTraining.mean": {
            "value": 1.0,
            "min": 1.0,
            "max": 1.0,
            "count": 4
        },
        "jankTest1.IsTraining.sum": {
            "value": 1.0,
            "min": 1.0,
            "max": 1.0,
            "count": 4
        }
    },
    "metadata": {
        "timer_format_version": "0.1.0",
        "start_time_seconds": "1638251007",
        "python_version": "3.8.7 (tags/v3.8.7:6503f05, Dec 21 2020, 17:59:51) [MSC v.1928 64 bit (AMD64)]",
        "command_line_arguments": "C:\\Users\\18wan\\Desktop\\GitHub\\rl-project-590\\venv\\Scripts\\mlagents-learn config\\ppo\\jankTest1.yaml --run-id run7 --time-scale 20",
        "mlagents_version": "0.27.0",
        "mlagents_envs_version": "0.27.0",
        "communication_protocol_version": "1.5.0",
        "pytorch_version": "1.7.0+cu110",
        "numpy_version": "1.21.4",
        "end_time_seconds": "1638251912"
    },
    "total": 904.7904754,
    "count": 1,
    "self": 0.004590199999938704,
    "children": {
        "run_training.setup": {
            "total": 0.07602809999999993,
            "count": 1,
            "self": 0.07602809999999993
        },
        "TrainerController.start_learning": {
            "total": 904.7098571,
            "count": 1,
            "self": 24.71945570000571,
            "children": {
                "TrainerController._reset_env": {
                    "total": 5.7658309,
                    "count": 1,
                    "self": 5.7658309
                },
                "TrainerController.advance": {
                    "total": 874.0576885999944,
                    "count": 82367,
                    "self": 1.1362277999758135,
                    "children": {
                        "env_step": {
                            "total": 763.9587026000144,
                            "count": 82367,
                            "self": 521.0253214000098,
                            "children": {
                                "SubprocessEnvManager._take_step": {
                                    "total": 241.9226054000085,
                                    "count": 82367,
                                    "self": 3.3134564000048954,
                                    "children": {
                                        "TorchPolicy.evaluate": {
                                            "total": 238.6091490000036,
                                            "count": 82367,
                                            "self": 71.86416980000135,
                                            "children": {
                                                "TorchPolicy.sample_actions": {
                                                    "total": 166.74497920000226,
                                                    "count": 82367,
                                                    "self": 166.74497920000226
                                                }
                                            }
                                        }
                                    }
                                },
                                "workers": {
                                    "total": 1.0107757999959963,
                                    "count": 82366,
                                    "self": 0.0,
                                    "children": {
                                        "worker_root": {
                                            "total": 874.5315470999897,
                                            "count": 82366,
                                            "is_parallel": true,