{
    "name": "root",
    "gauges": {
        "jankTest1.Policy.Entropy.mean": {
            "value": 0.3065597712993622,
            "min": 0.12342984974384308,
            "max": 0.6931389570236206,
            "count": 235
        },
        "jankTest1.Policy.Entropy.sum": {
            "value": 3056.09423828125,
            "min": 1230.47216796875,
            "max": 6974.3642578125,
            "count": 235
        },
        "jankTest1.Step.mean": {
            "value": 2349965.0,
            "min": 9998.0,
            "max": 2349965.0,
            "count": 235
        },
        "jankTest1.Step.sum": {
            "value": 2349965.0,
            "min": 9998.0,
            "max": 2349965.0,
            "count": 235
        },
        "jankTest1.Policy.ExtrinsicValueEstimate.mean": {
            "value": 3.012033700942993,
            "min": -0.10417672991752625,
            "max": 4.534642696380615,
            "count": 235
        },
        "jankTest1.Policy.ExtrinsicValueEstimate.sum": {
            "value": 475.90130615234375,
            "min": -16.459922790527344,
            "max": 716.4735107421875,
            "count": 235
        },
        "jankTest1.Environment.EpisodeLength.mean": {
            "value": 2082.4,
            "min": 2082.2,
            "max": 2082.5,
            "count": 235
        },
        "jankTest1.Environment.EpisodeLength.sum": {
            "value": 10412.0,
            "min": 8329.0,
            "max": 10412.0,
            "count": 235
        },
        "jankTest1.Environment.CumulativeReward.mean": {
            "value": 51.63336917483042,
            "min": -1.3821980222128332,
            "max": 109.47576638726999,
            "count": 235
        },
        "jankTest1.Environment.CumulativeReward.sum": {
            "value": 206.53347669932168,
            "min": -6.910990111064166,
            "max": 505.00363052636385,
            "count": 235
        },
        "jankTest1.Policy.ExtrinsicReward.mean": {
            "value": 51.63336917483042,
            "min": -1.3821980222128332,
            "max": 109.47576638726999,
            "count": 235
        },
        "jankTest1.Policy.ExtrinsicReward.sum": {
            "value": 206.53347669932168,
            "min": -6.910990111064166,
            "max": 505.00363052636385,
            "count": 235
        },
        "jankTest1.IsTraining.mean": {
            "value": 1.0,
            "min": 1.0,
            "max": 1.0,
            "count": 235
        },
        "jankTest1.IsTraining.sum": {
            "value": 1.0,
            "min": 1.0,
            "max": 1.0,
            "count": 235
        },
        "jankTest1.Losses.PolicyLoss.mean": {
            "value": 0.050115605296256645,
            "min": 0.03998545808717609,
            "max": 0.07541715224894384,
            "count": 228
        },
        "jankTest1.Losses.PolicyLoss.sum": {
            "value": 0.050115605296256645,
            "min": 0.03998545808717609,
            "max": 0.07541715224894384,
            "count": 228
        },
        "jankTest1.Losses.ValueLoss.mean": {
            "value": 0.21640358480314414,
            "min": 0.007746336397637303,
            "max": 0.5666183726241191,
            "count": 228
        },
        "jankTest1.Losses.ValueLoss.sum": {
            "value": 0.21640358480314414,
            "min": 0.007746336397637303,
            "max": 0.5666183726241191,
            "count": 228
        },
        "jankTest1.Policy.LearningRate.mean": {
            "value": 0.00015928282690573996,
            "min": 0.00015928282690573996,
            "max": 0.00029938476020508,
            "count": 228
        },
        "jankTest1.Policy.LearningRate.sum": {
            "value": 0.00015928282690573996,
            "min": 0.00015928282690573996,
            "max": 0.00029938476020508,
            "count": 228
        },
        "jankTest1.Policy.Epsilon.mean": {
            "value": 0.15309426,
            "min": 0.15309426,
            "max": 0.19979492000000001,
            "count": 228
        },
        "jankTest1.Policy.Epsilon.sum": {
            "value": 0.15309426,
            "min": 0.15309426,
            "max": 0.19979492000000001,
            "count": 228
        },
        "jankTest1.Policy.Beta.mean": {
            "value": 0.002659403574,
            "min": 0.002659403574,
            "max": 0.004989766508,
            "count": 228
        },
        "jankTest1.Policy.Beta.sum": {
            "value": 0.002659403574,
            "min": 0.002659403574,
            "max": 0.004989766508,
            "count": 228
        }
    },
    "metadata": {
        "timer_format_version": "0.1.0",
        "start_time_seconds": "1638262307",
        "python_version": "3.8.7 (tags/v3.8.7:6503f05, Dec 21 2020, 17:59:51) [MSC v.1928 64 bit (AMD64)]",
        "command_line_arguments": "C:\\Users\\18wan\\Desktop\\GitHub\\rl-project-590\\venv\\Scripts\\mlagents-learn config\\ppo\\jankTest1.yaml --run-id run12",
        "mlagents_version": "0.27.0",
        "mlagents_envs_version": "0.27.0",
        "communication_protocol_version": "1.5.0",
        "pytorch_version": "1.7.0+cu110",
        "numpy_version": "1.21.4",
        "end_time_seconds": "1638283356"
    },
    "total": 21049.3097825,
    "count": 1,
    "self": 0.005428400003438583,
    "children": {
        "run_training.setup": {
            "total": 0.07573930000000006,
            "count": 1,
            "self": 0.07573930000000006
        },
        "TrainerController.start_learning": {
            "total": 21049.2286148,
            "count": 1,
            "self": 36.44669920022716,
            "children": {
                "TrainerController._reset_env": {
                    "total": 6.672053,
                    "count": 1,
                    "self": 6.672053
                },
                "TrainerController.advance": {
                    "total": 21005.97018069977,
                    "count": 2359876,
                    "self": 31.58981869809213,
                    "children": {
                        "env_step": {
                            "total": 19399.03806400158,
                            "count": 2359876,
                            "self": 13562.971849101286,
                            "children": {
                                "SubprocessEnvManager._take_step": {
                                    "total": 5804.474810500006,
                                    "count": 2359876,
                                    "self": 92.6228591007739,
                                    "children": {
                                        "TorchPolicy.evaluate": {
                                            "total": 5711.851951399232,
                                            "count": 2359876,
                                            "self": 2123.563485501869,
                                            "children": {
                                                "TorchPolicy.sample_actions": {
                                                    "total": 3588.2884658973635,
                                                    "count": 2359876,
                                                    "self": 3588.2884658973635
                                                }
                                            }
                                        }
                                    }
                                },
                                "workers": {
                                    "total": 31.59140440028642,
                                    "count": 2359875,
                                    "self": 0.0,
                                    "children": {
                                        "worker_root": {
                                            "total": 20993.187479800963,
                                            "count": 2359875,
                                            "is_parallel": true,