{
    "name": "root",
    "metadata": {
        "timer_format_version": "0.1.0",
        "start_time_seconds": "1638250852",
        "python_version": "3.8.7 (tags/v3.8.7:6503f05, Dec 21 2020, 17:59:51) [MSC v.1928 64 bit (AMD64)]",
        "command_line_arguments": "C:\\Users\\18wan\\Desktop\\GitHub\\rl-project-590\\venv\\Scripts\\mlagents-learn config\\ppo\\jankTest1.yaml --run-id run6 --time-scale 20",
        "mlagents_version": "0.27.0",
        "mlagents_envs_version": "0.27.0",
        "communication_protocol_version": "1.5.0",
        "pytorch_version": "1.7.0+cu110",
        "numpy_version": "1.21.4",
        "end_time_seconds": "1638250949"
    },
    "total": 97.3119954,
    "count": 1,
    "self": 0.004820099999989225,
    "children": {
        "run_training.setup": {
            "total": 0.08096270000000005,
            "count": 1,
            "self": 0.08096270000000005
        },
        "TrainerController.start_learning": {
            "total": 97.22621260000001,
            "count": 1,
            "self": 0.14393799999994883,
            "children": {
                "TrainerController._reset_env": {
                    "total": 5.093252799999999,
                    "count": 1,
                    "self": 5.093252799999999
                },
                "TrainerController.advance": {
                    "total": 91.82145030000005,
                    "count": 9667,
                    "self": 0.135882400000213,
                    "children": {
                        "env_step": {
                            "total": 89.32852890000017,
                            "count": 9667,
                            "self": 59.658317099999934,
                            "children": {
                                "SubprocessEnvManager._take_step": {
                                    "total": 29.556066800000366,
                                    "count": 9667,
                                    "self": 0.3945741000007459,
                                    "children": {
                                        "TorchPolicy.evaluate": {
                                            "total": 29.16149269999962,
                                            "count": 9667,
                                            "self": 8.492240999999783,
                                            "children": {
                                                "TorchPolicy.sample_actions": {
                                                    "total": 20.669251699999837,
                                                    "count": 9667,
                                                    "self": 20.669251699999837
                                                }
                                            }
                                        }
                                    }
                                },
                                "workers": {
                                    "total": 0.11414499999986116,
                                    "count": 9666,
                                    "self": 0.0,
                                    "children": {
                                        "worker_root": {
                                            "total": 92.85452969999963,
                                            "count": 9666,
                                            "is_parallel": true,
                                            "self": 42.444574699999755,
                                            "children": {
                                                "steps_from_proto": {
                                                    "total": 0.013919500000000085,
                                                    "count": 1,
                                                    "is_parallel": true,
                                                    "self": 0.00016969999999982832,
                                                    "children": {
                                                        "_process_maybe_compressed_observation": {
                                                            "total": 0.013749800000000256,
                                                            "count": 2,
                                                            "is_parallel": true,
                                                            "self": 5.110000000030368e-05,
                                                            "children": {
                                                                "_observation_to_np_array": {
                                                                    "total": 0.013698699999999953,
                                                                    "count": 1,
                                                                    "is_parallel": true,
                                                                    "self": 2.250000000003638e-05,
                                                                    "children": {
                                                                        "process_pixels": {
                                                                            "total": 0.013676199999999916,
                                                                            "count": 1,
                                                                            "is_parallel": true,
                                                                            "self": 0.0013179000000009822,
                                                                            "children": {
                                                                                "image_decompress": {
                                                                                    "total": 0.012358299999998934,
                                                                                    "count": 4,
                                                                                    "is_parallel": true,
                                                                                    "self": 0.012358299999998934
                                                                                }
                                                                            }
                                                                        }
                                                                    }
                                                                }
                                                            }
                                                        }
                                                    }
                                                },
                                                "UnityEnvironment.step": {
                                                    "total": 50.396035499999876,
                                                    "count": 9666,
                                                    "is_parallel": true,
                                                    "self": 0.5625400000008014,
                                                    "children": {
                                                        "UnityEnvironment._generate_step_input": {
                                                            "total": 0.48988809999938265,
                                                            "count": 9666,
                                                            "is_parallel": true,
                                                            "self": 0.48988809999938265
                                                        },
                                                        "communicator.exchange": {
                                                            "total": 34.65810269999959,
                                                            "count": 9666,
                                                            "is_parallel": true,